{
  "$schema": "https://railway.app/railway.schema.json",
  "build": {
    "builder": "NIXPACKS",
    "buildCommand": "npm ci && npm run build"
  },
  "deploy": {
    "startCommand": "npm start",
    "healthcheckPath": "/api/health",
    "healthcheckTimeout": 100,
    "restartPolicyType": "ON_FAILURE",
    "restartPolicyMaxRetries": 10
  },
  "environments": {
    "production": {
      "variables": {
        "NODE_ENV": "production",
        "USE_MEMORY_DB": "true"
      }
    }
  }
}